,ProgramCode,ProductCode
26,AD,"Deer Out, Deer Clips, Deer Scram"
30,ANT,ANT
4,B14,"BTI, BTI Dunks, GRAN, PRO_MD, PRO_TMPRO"
5,B21,"BTI, BTI Dunks, GRAN, PRO_MD, PRO_TMPRO"
6,B28,"BTI, BTI Dunks, GRAN, PRO_MD, PRO_TMPRO"
11,BC,"GRAN, PRO_TMPRO"
2,BCO,"BTI, BTI Dunks, GRAN, PRO_TMPRO"
1,BTI,"BTI, BTI Dunks"
27,D,"Deer Out, Deer Clips, Deer Scram"
29,DWC,DIM
8,DWM,AX
12,ES,"GRAN, PRO_TMPRO"
34,FZ1,"NH 2-0-2, NH 2-3-1, Rnd 1 Fert"
10,FZ2,"7-0-7, CB, NH 2-0-2, NH 2-3-1, QG, Rnd 2 Fert"
24,FZ3,"CB, NH 2-0-2, NH 2-3-1, QG"
35,FZ4,"NH 2-0-2, NH 2-3-1"
36,FZ5,"NH 2-0-2, NH 2-3-1"
33,GM,GG
32,LAB,"GG, NH 2-0-2, NH 2-3-1"
37,LAG,Solu-Cal
15,M14,"GRAN, PRO_MD, PRO_TMPRO"
16,M21,"GRAN, PRO_MD, PRO_TMPRO"
17,M28,"GRAN, PRO_MD, PRO_TMPRO"
31,MS,"GS - Elite, GS - RYE, GS - SHD"
21,MVB,"GRAN, IC3, PRO_TMPRO, TKZ"
22,MVM,"GRAN, IC3, PRO_TMPRO"
23,MVT,"GRAN, IC3, PRO_TMPRO, TKZ"
9,POT,"2-0-20, Potassium"
25,PRE,"CB, SLIP"
28,R,"Deer Out, Deer Clips, Deer Scram"
3,RTB,"BTI, BTI Dunks, GRAN, PRO_MD, PRO_TMPRO"
13,RTM,"GRAN, PRO_MD, PRO_TMPRO"
14,RTT,"GRAN, PRO_TMPRO"
18,T14,"GRAN, PRO_TMPRO"
19,T21,"GRAN, PRO_TMPRO"
20,T28,"GRAN, PRO_TMPRO"
7,TWC,"AX, FIE, SLIP"
0,WM,"ADIOS, AX, FIE, SLIP, WS"
